num,energy,
22,-1.112077,0.607090535
842,-1.122361,0.815116085
100,-1.094438,1.002016938
838,-1.05458,1.205888261
892,-1.016056,1.401404262
317,-0.979378,1.600517461
521,-0.945989,1.800398024
20,-0.916187,2.00060294
728,-0.889988,2.20053784
547,-0.86702,2.401450085
